population,temperature,feeding.events,mosquito.days,biting rate
suffolk,22,23,1138,0.020210896
suffolk,25,58,1186,0.048903879
suffolk,28,29,800,0.03625
albany,22,49,1224,0.04003268
albany,25,19,1026,0.018518519
albany,28,5,255,0.019607843